{
  "best_global_step": null,
  "best_metric": null,
  "best_model_checkpoint": null,
  "epoch": 2.783576896311761,
  "eval_steps": 500,
  "global_step": 4000,
  "is_hyper_param_search": false,
  "is_local_process_zero": true,
  "is_world_process_zero": true,
  "log_history": [
    {
      "epoch": 0.03479471120389701,
      "grad_norm": 8.823862075805664,
      "learning_rate": 7.538461538461539e-05,
      "loss": 1.7702,
      "step": 50
    },
    {
      "epoch": 0.06958942240779402,
      "grad_norm": 6.940633296966553,
      "learning_rate": 0.0001523076923076923,
      "loss": 1.0775,
      "step": 100
    },
    {
      "epoch": 0.10438413361169102,
      "grad_norm": 3.6134581565856934,
      "learning_rate": 0.00019909112652475485,
      "loss": 0.8446,
      "step": 150
    },
    {
      "epoch": 0.13917884481558804,
      "grad_norm": 2.7952284812927246,
      "learning_rate": 0.00019669935422147813,
      "loss": 0.7639,
      "step": 200
    },
    {
      "epoch": 0.17397355601948503,
      "grad_norm": 2.8684027194976807,
      "learning_rate": 0.0001943075819182014,
      "loss": 0.7084,
      "step": 250
    },
    {
      "epoch": 0.20876826722338204,
      "grad_norm": 3.519216537475586,
      "learning_rate": 0.00019191580961492466,
      "loss": 0.6713,
      "step": 300
    },
    {
      "epoch": 0.24356297842727906,
      "grad_norm": 4.542309284210205,
      "learning_rate": 0.00018952403731164794,
      "loss": 0.6076,
      "step": 350
    },
    {
      "epoch": 0.2783576896311761,
      "grad_norm": 4.345352649688721,
      "learning_rate": 0.00018713226500837121,
      "loss": 0.5919,
      "step": 400
    },
    {
      "epoch": 0.31315240083507306,
      "grad_norm": 3.4200069904327393,
      "learning_rate": 0.0001847404927050945,
      "loss": 0.5914,
      "step": 450
    },
    {
      "epoch": 0.34794711203897005,
      "grad_norm": 3.986403703689575,
      "learning_rate": 0.00018234872040181777,
      "loss": 0.5552,
      "step": 500
    },
    {
      "epoch": 0.3827418232428671,
      "grad_norm": 1.5702358484268188,
      "learning_rate": 0.00017995694809854102,
      "loss": 0.4942,
      "step": 550
    },
    {
      "epoch": 0.4175365344467641,
      "grad_norm": 2.436314105987549,
      "learning_rate": 0.0001775651757952643,
      "loss": 0.5041,
      "step": 600
    },
    {
      "epoch": 0.4523312456506611,
      "grad_norm": 2.779524564743042,
      "learning_rate": 0.00017517340349198755,
      "loss": 0.4921,
      "step": 650
    },
    {
      "epoch": 0.4871259568545581,
      "grad_norm": 1.9152120351791382,
      "learning_rate": 0.00017278163118871083,
      "loss": 0.5169,
      "step": 700
    },
    {
      "epoch": 0.5219206680584552,
      "grad_norm": 2.4756410121917725,
      "learning_rate": 0.0001703898588854341,
      "loss": 0.4953,
      "step": 750
    },
    {
      "epoch": 0.5567153792623522,
      "grad_norm": 2.669483184814453,
      "learning_rate": 0.0001679980865821574,
      "loss": 0.4582,
      "step": 800
    },
    {
      "epoch": 0.5915100904662491,
      "grad_norm": 2.937563419342041,
      "learning_rate": 0.00016560631427888064,
      "loss": 0.5352,
      "step": 850
    },
    {
      "epoch": 0.6263048016701461,
      "grad_norm": 2.6114816665649414,
      "learning_rate": 0.00016321454197560392,
      "loss": 0.5091,
      "step": 900
    },
    {
      "epoch": 0.6610995128740431,
      "grad_norm": 4.781108856201172,
      "learning_rate": 0.0001608227696723272,
      "loss": 0.4667,
      "step": 950
    },
    {
      "epoch": 0.6958942240779401,
      "grad_norm": 2.9896650314331055,
      "learning_rate": 0.00015843099736905048,
      "loss": 0.4922,
      "step": 1000
    },
    {
      "epoch": 0.7306889352818372,
      "grad_norm": 2.1231281757354736,
      "learning_rate": 0.00015603922506577376,
      "loss": 0.4896,
      "step": 1050
    },
    {
      "epoch": 0.7654836464857342,
      "grad_norm": 2.7215960025787354,
      "learning_rate": 0.000153647452762497,
      "loss": 0.5447,
      "step": 1100
    },
    {
      "epoch": 0.8002783576896312,
      "grad_norm": 3.7548768520355225,
      "learning_rate": 0.0001512556804592203,
      "loss": 0.4818,
      "step": 1150
    },
    {
      "epoch": 0.8350730688935282,
      "grad_norm": 2.865018844604492,
      "learning_rate": 0.00014886390815594354,
      "loss": 0.4246,
      "step": 1200
    },
    {
      "epoch": 0.8698677800974252,
      "grad_norm": 3.026831865310669,
      "learning_rate": 0.00014647213585266685,
      "loss": 0.518,
      "step": 1250
    },
    {
      "epoch": 0.9046624913013221,
      "grad_norm": 3.7152786254882812,
      "learning_rate": 0.0001440803635493901,
      "loss": 0.442,
      "step": 1300
    },
    {
      "epoch": 0.9394572025052192,
      "grad_norm": 2.955779552459717,
      "learning_rate": 0.00014168859124611338,
      "loss": 0.4835,
      "step": 1350
    },
    {
      "epoch": 0.9742519137091162,
      "grad_norm": 2.2363028526306152,
      "learning_rate": 0.00013929681894283663,
      "loss": 0.4713,
      "step": 1400
    },
    {
      "epoch": 1.0090466249130132,
      "grad_norm": 3.356623411178589,
      "learning_rate": 0.0001369050466395599,
      "loss": 0.4513,
      "step": 1450
    },
    {
      "epoch": 1.0438413361169103,
      "grad_norm": 2.5917348861694336,
      "learning_rate": 0.00013451327433628321,
      "loss": 0.5263,
      "step": 1500
    },
    {
      "epoch": 1.0786360473208072,
      "grad_norm": 3.2102456092834473,
      "learning_rate": 0.00013212150203300647,
      "loss": 0.3937,
      "step": 1550
    },
    {
      "epoch": 1.1134307585247043,
      "grad_norm": 4.998335838317871,
      "learning_rate": 0.00012972972972972974,
      "loss": 0.4577,
      "step": 1600
    },
    {
      "epoch": 1.1482254697286012,
      "grad_norm": 2.66985821723938,
      "learning_rate": 0.000127337957426453,
      "loss": 0.3979,
      "step": 1650
    },
    {
      "epoch": 1.1830201809324983,
      "grad_norm": 1.2827013731002808,
      "learning_rate": 0.00012494618512317628,
      "loss": 0.4331,
      "step": 1700
    },
    {
      "epoch": 1.2178148921363952,
      "grad_norm": 1.508246660232544,
      "learning_rate": 0.00012255441281989955,
      "loss": 0.4359,
      "step": 1750
    },
    {
      "epoch": 1.2526096033402923,
      "grad_norm": 1.4786049127578735,
      "learning_rate": 0.00012016264051662283,
      "loss": 0.3941,
      "step": 1800
    },
    {
      "epoch": 1.2874043145441894,
      "grad_norm": 3.237945795059204,
      "learning_rate": 0.00011777086821334608,
      "loss": 0.4643,
      "step": 1850
    },
    {
      "epoch": 1.3221990257480862,
      "grad_norm": 2.9660704135894775,
      "learning_rate": 0.00011537909591006936,
      "loss": 0.3735,
      "step": 1900
    },
    {
      "epoch": 1.3569937369519833,
      "grad_norm": 4.113344192504883,
      "learning_rate": 0.00011298732360679263,
      "loss": 0.4165,
      "step": 1950
    },
    {
      "epoch": 1.3917884481558804,
      "grad_norm": 2.990722179412842,
      "learning_rate": 0.00011059555130351591,
      "loss": 0.413,
      "step": 2000
    },
    {
      "epoch": 1.4265831593597773,
      "grad_norm": 1.9382914304733276,
      "learning_rate": 0.00010820377900023919,
      "loss": 0.4074,
      "step": 2050
    },
    {
      "epoch": 1.4613778705636742,
      "grad_norm": 2.1928791999816895,
      "learning_rate": 0.00010581200669696245,
      "loss": 0.397,
      "step": 2100
    },
    {
      "epoch": 1.4961725817675713,
      "grad_norm": 1.4356837272644043,
      "learning_rate": 0.00010342023439368573,
      "loss": 0.4055,
      "step": 2150
    },
    {
      "epoch": 1.5309672929714684,
      "grad_norm": 2.9487509727478027,
      "learning_rate": 0.000101028462090409,
      "loss": 0.4097,
      "step": 2200
    },
    {
      "epoch": 1.5657620041753653,
      "grad_norm": 3.5854287147521973,
      "learning_rate": 9.863668978713228e-05,
      "loss": 0.4266,
      "step": 2250
    },
    {
      "epoch": 1.6005567153792624,
      "grad_norm": 4.512875080108643,
      "learning_rate": 9.624491748385554e-05,
      "loss": 0.384,
      "step": 2300
    },
    {
      "epoch": 1.6353514265831595,
      "grad_norm": 2.117860794067383,
      "learning_rate": 9.385314518057882e-05,
      "loss": 0.4515,
      "step": 2350
    },
    {
      "epoch": 1.6701461377870563,
      "grad_norm": 1.507325291633606,
      "learning_rate": 9.146137287730208e-05,
      "loss": 0.3804,
      "step": 2400
    },
    {
      "epoch": 1.7049408489909532,
      "grad_norm": 4.401247024536133,
      "learning_rate": 8.906960057402536e-05,
      "loss": 0.3914,
      "step": 2450
    },
    {
      "epoch": 1.7397355601948505,
      "grad_norm": 3.5364160537719727,
      "learning_rate": 8.667782827074863e-05,
      "loss": 0.4442,
      "step": 2500
    },
    {
      "epoch": 1.7745302713987474,
      "grad_norm": 4.039085865020752,
      "learning_rate": 8.42860559674719e-05,
      "loss": 0.4244,
      "step": 2550
    },
    {
      "epoch": 1.8093249826026443,
      "grad_norm": 2.2597343921661377,
      "learning_rate": 8.189428366419517e-05,
      "loss": 0.4076,
      "step": 2600
    },
    {
      "epoch": 1.8441196938065414,
      "grad_norm": 3.284924030303955,
      "learning_rate": 7.950251136091844e-05,
      "loss": 0.3668,
      "step": 2650
    },
    {
      "epoch": 1.8789144050104385,
      "grad_norm": 3.072655200958252,
      "learning_rate": 7.711073905764172e-05,
      "loss": 0.3805,
      "step": 2700
    },
    {
      "epoch": 1.9137091162143354,
      "grad_norm": 4.7332024574279785,
      "learning_rate": 7.471896675436498e-05,
      "loss": 0.4033,
      "step": 2750
    },
    {
      "epoch": 1.9485038274182325,
      "grad_norm": 2.2988038063049316,
      "learning_rate": 7.232719445108826e-05,
      "loss": 0.3994,
      "step": 2800
    },
    {
      "epoch": 1.9832985386221296,
      "grad_norm": 1.569645881652832,
      "learning_rate": 6.993542214781154e-05,
      "loss": 0.3872,
      "step": 2850
    },
    {
      "epoch": 2.0180932498260264,
      "grad_norm": 3.6735684871673584,
      "learning_rate": 6.75436498445348e-05,
      "loss": 0.3941,
      "step": 2900
    },
    {
      "epoch": 2.0528879610299233,
      "grad_norm": 2.68721079826355,
      "learning_rate": 6.515187754125807e-05,
      "loss": 0.4069,
      "step": 2950
    },
    {
      "epoch": 2.0876826722338206,
      "grad_norm": 3.2650632858276367,
      "learning_rate": 6.276010523798135e-05,
      "loss": 0.3723,
      "step": 3000
    },
    {
      "epoch": 2.1224773834377175,
      "grad_norm": 5.85774564743042,
      "learning_rate": 6.036833293470462e-05,
      "loss": 0.3718,
      "step": 3050
    },
    {
      "epoch": 2.1572720946416144,
      "grad_norm": 1.9135901927947998,
      "learning_rate": 5.797656063142789e-05,
      "loss": 0.3405,
      "step": 3100
    },
    {
      "epoch": 2.1920668058455113,
      "grad_norm": 2.131305456161499,
      "learning_rate": 5.558478832815116e-05,
      "loss": 0.4317,
      "step": 3150
    },
    {
      "epoch": 2.2268615170494086,
      "grad_norm": 2.736060857772827,
      "learning_rate": 5.319301602487443e-05,
      "loss": 0.4036,
      "step": 3200
    },
    {
      "epoch": 2.2616562282533055,
      "grad_norm": 4.152939319610596,
      "learning_rate": 5.08012437215977e-05,
      "loss": 0.3254,
      "step": 3250
    },
    {
      "epoch": 2.2964509394572024,
      "grad_norm": 3.2897348403930664,
      "learning_rate": 4.8409471418320975e-05,
      "loss": 0.3522,
      "step": 3300
    },
    {
      "epoch": 2.3312456506610997,
      "grad_norm": 3.4910497665405273,
      "learning_rate": 4.601769911504425e-05,
      "loss": 0.3662,
      "step": 3350
    },
    {
      "epoch": 2.3660403618649966,
      "grad_norm": 5.679461479187012,
      "learning_rate": 4.362592681176752e-05,
      "loss": 0.3663,
      "step": 3400
    },
    {
      "epoch": 2.4008350730688934,
      "grad_norm": 1.6653568744659424,
      "learning_rate": 4.123415450849079e-05,
      "loss": 0.3291,
      "step": 3450
    },
    {
      "epoch": 2.4356297842727903,
      "grad_norm": 2.2315711975097656,
      "learning_rate": 3.884238220521407e-05,
      "loss": 0.3827,
      "step": 3500
    },
    {
      "epoch": 2.4704244954766876,
      "grad_norm": 1.7071360349655151,
      "learning_rate": 3.6450609901937336e-05,
      "loss": 0.3226,
      "step": 3550
    },
    {
      "epoch": 2.5052192066805845,
      "grad_norm": 4.3295745849609375,
      "learning_rate": 3.405883759866061e-05,
      "loss": 0.3457,
      "step": 3600
    },
    {
      "epoch": 2.5400139178844814,
      "grad_norm": 3.150933265686035,
      "learning_rate": 3.166706529538388e-05,
      "loss": 0.3543,
      "step": 3650
    },
    {
      "epoch": 2.5748086290883787,
      "grad_norm": 4.195323944091797,
      "learning_rate": 2.9275292992107152e-05,
      "loss": 0.3287,
      "step": 3700
    },
    {
      "epoch": 2.6096033402922756,
      "grad_norm": 4.5291666984558105,
      "learning_rate": 2.6883520688830428e-05,
      "loss": 0.3832,
      "step": 3750
    },
    {
      "epoch": 2.6443980514961725,
      "grad_norm": 2.1203536987304688,
      "learning_rate": 2.4491748385553696e-05,
      "loss": 0.3582,
      "step": 3800
    },
    {
      "epoch": 2.67919276270007,
      "grad_norm": 2.1054980754852295,
      "learning_rate": 2.209997608227697e-05,
      "loss": 0.3325,
      "step": 3850
    },
    {
      "epoch": 2.7139874739039667,
      "grad_norm": 1.4043095111846924,
      "learning_rate": 1.970820377900024e-05,
      "loss": 0.3968,
      "step": 3900
    },
    {
      "epoch": 2.7487821851078635,
      "grad_norm": 0.5096198916435242,
      "learning_rate": 1.7316431475723513e-05,
      "loss": 0.3284,
      "step": 3950
    },
    {
      "epoch": 2.783576896311761,
      "grad_norm": 5.059960842132568,
      "learning_rate": 1.4924659172446785e-05,
      "loss": 0.3891,
      "step": 4000
    }
  ],
  "logging_steps": 50,
  "max_steps": 4311,
  "num_input_tokens_seen": 0,
  "num_train_epochs": 3,
  "save_steps": 500,
  "stateful_callbacks": {
    "TrainerControl": {
      "args": {
        "should_epoch_stop": false,
        "should_evaluate": false,
        "should_log": false,
        "should_save": true,
        "should_training_stop": false
      },
      "attributes": {}
    }
  },
  "total_flos": 8477043415787520.0,
  "train_batch_size": 8,
  "trial_name": null,
  "trial_params": null
}
